<meta>
    <info author="Dutchman101" description="Driftmap akina" version="2.0" type="map" />

	<script src="replace.lua" type="client" />
	<script src="map.lua" type="server" />
	<script src="teleport.lua" type="server" />

    <file src="COL/akina1.col" />
    <file src="COL/akina2.col" />
    <file src="COL/akina3.col" />
    <file src="COL/akina4.col" />
    <file src="COL/akina5.col" />
    <file src="TXD/akina.txd" />
    <file src="DFF/akina1.dff" />
    <file src="DFF/akina2.dff" />
    <file src="DFF/akina3.dff" />
    <file src="DFF/akina4.dff" />
    <file src="DFF/akina5.dff" />
</meta>