<meta>
    <info author="[GT]zorrigas y [GT]Scarface" description="Robada Pass" version="2.0" type="map" />
	<script src="robada.lua" type="client" />
    <script src="radar.lua" type="client" />
    <script src="teleport.lua" type="server" />
	<map src="robada.map" dimension="0" />
    <file src="vvr.txd" />
    <file src="vvr1.col" />
    <file src="vvr1.dff" />
    <file src="vvr2.col" />
    <file src="vvr2.dff" />
    <file src="vvr3.col" />
    <file src="vvr3.dff" />
    <file src="vvr4.col" />
    <file src="vvr4.dff" />
</meta>
