<meta>
    <info author="CirnoBaka9" version="6.6.6" type="script"/>
    <script src="map.lua" type="server"/>
    <script src="tsukubac.lua" type="client"/>
    <file src="tsukubac.txd" type="client"/>
    <file src="tsukubac1.col" type="client"/>
    <file src="tsukubac2.col" type="client"/> 
    <file src="tsukubac3.col" type="client"/> 
    <file src="tsukubac4.col" type="client"/> 
    <file src="tsukubac5.col" type="client"/>   
    <file src="tsukubac1.dff" type="client"/>
    <file src="tsukubac2.dff" type="client"/>
    <file src="tsukubac3.dff" type="client"/>
    <file src="tsukubac4.dff" type="client"/>
    <file src="tsukubac5.dff" type="client"/>
</meta>