<meta>
    <info  author="Nicol MAPS" name="MAP Merry Christmas" description="Christmas special MAP for your beautiful servers" type="map" version="1.0.0"></info>
    <map src="NavidadHospital.map" dimension="0"></map>
	 <script src="arbol.lua" type="client" />
	 <script src="farol.lua" type="client" />
	 <script src="nieve.luac" type="client" />
	 <script src="em.lua" type="client" />
	 <script src="claus.lua" type="client" />
	 
	 <file src="muneco.dff" />
     <file src="muneco.txd" />
     <file src="muneco.col" />
	
     <file src="em.txd" />
	 <file src="em.dff" />
	 <file src="em.col" />
	 
	 <file src="arvorenatal.txd" />
	 <file src="arvorenatal.dff" />
	 <file src="arvorenatal.col"/>
	 
	 <file src="vgnlpost.txd" />
	 <file src="jeffers4_lae.txd" />
    <script src="mapEditorScriptingExtension_s.lua" type="server"></script>
    <script src="mapEditorScriptingExtension_c.lua" type="client" validate="false"></script>
</meta>
