<meta>
	<info author="Ryan" version="0.2" description="Maneira mais fafil de se mover!" type="script" />
	<script src="Teleports.lua" type="client" />
 <include resource="1East_Minami_Circuit"/>
 <include resource="2TougeEbisuSoutch"/>
 <include resource="3TougeAkina"/>
 <include resource="4drift2"/>
 <include resource="5TougeGokart"/>
 <include resource="6TougeNikko"/>
 <include resource="7TougeOkaru"/>
 <include resource="8Fantasy_Hill"/>
 <include resource="9Nakayubi"/>
 <include resource="10meihancircuit"/>
 <include resource="11TougeProjectTouge"/>
 <include resource="12Ebisu_West"/>
 <include resource="13TougeDriftTrack"/>
 <include resource="14Tsukuba"/>
 <include resource="16TougeBihoku"/>
 <include resource="17UltraNitroTrack"/>
 <include resource="18garage"/>
 <include resource="19TougeSekia"/>
 <include resource="20redring"/>

</meta>