<meta>
    <info author="MANAWYDAN" description="alien in airport" type="script" version="1" /> 
    <include resource="slothbot" />
    <script type="server" src="server.lua" />    
    <script type="client" src="client.lua" /> 
    <file src="a/ufo.mp3" type="client" /> 
    <file src="a/447.txd" type="client" />
    <file src="a/447.dff" type="client" />  
    <file src="a/259.txd" type="client" />
    <file src="a/259.dff" type="client" /> 
    <file src="a/258.txd" type="client" />
    <file src="a/258.dff" type="client" />     
    <file src="a/m4.txd" type="client" />
    <file src="a/m4.dff" type="client" />            
</meta>