<meta>
	<info type="misc" name="akagi" author="??" description="akagi!!" version="1" />
	<file src="akagi.txd" />
	<file src="akagi1.col" />
	<file src="akagi1.dff" />
	<file src="akagi2.col" />
	<file src="akagi2.dff" />
	<file src="akagi3.col" />
	<file src="akagi3.dff" />
	<file src="akagi4.col" />
	<file src="akagi4.dff" />
	<file src="akagi5.col" />
	<file src="akagi5.dff" />
	<file src="akagi6.col" />
	<file src="akagi6.dff" />
	<file src="akagi7.col" />
	<file src="akagi7.dff" />
	<file src="akagi8.col" />
	<file src="akagi8.dff" />
	<file src="akagi9.col" />
	<file src="akagi9.dff" />
	<file src="akagi10.col" />
	<file src="akagi10.dff" />
	<file src="akagi11.col" />
	<file src="akagi11.dff" />
	<file src="akagi12.col" />
	<file src="akagi13.col" />
	<file src="akagi13.dff" />
	<file src="akagi14.col" />
	<file src="akagi14.dff" />
	<map src="AkagiMap.map" />
	<script type="client" src="akagi.lua" />
</meta>